"row","site","status","permalink"
"187","coinlive.me","future","https://coinlive.me/spartans-casino-declares-war-on-stake-shuffle-and-roobet-with-a-7-million-leaderboard-nobody-can-match/"
"188","coinlive.me","future","https://coinlive.me/7m-up-for-grabs-the-rise-of-spartans-com-as-the-fastest-growing-online-casino/"
"189","coinlive.me","future","https://coinlive.me/here-s-why-the-7m-leaderboard-makes-spartans-com-the-most-mathematically-sound-online-casino/"
"190","coinlive.me","future","https://coinlive.me/win-your-share-of-7-000-000-how-prediction-markets-are-redefining-the-best-crypto-sports-experience/"
"192","coinlineup","future","https://coinlineup.com/spartans-casino-launches-massive-7-million-leaderboard-while-stake-bleeds-players-and-shuffle-chases-airdrops/"
"193","coinlineup","future","https://coinlineup.com/best-crypto-casino-sites-to-explore-in-2026-spartans-bitstarz-lucky-rebel-and-thunderpick-leading-the-market/"
"194","coinlineup","future","https://coinlineup.com/top-online-bitcoin-casinos-for-serious-bettors-spartans-casinobet-bc-game-and-betplay/"
"195","coinlineup","future","https://coinlineup.com/quantifying-the-shift-spartans-casino-s-7-000-000-leaderboard-and-the-future-of-digital-wagering/"
"197","Tokentopnews","future","https://tokentopnews.com/apemars-presale-best-crypto-presale-to-buy-among-top-meme-coins/"
"198","coinlive.me","future","https://coinlive.me/how-blockdag-s-95x-roi-at-0-0000061-pulls-buyers-away-from-ethereum-and-cardano-this-april/"
"199","coinlive.me","future","https://coinlive.me/ethereum-and-hbar-show-major-shifts-while-blockdag-grabs-the-spotlight-this-april-with-a-0-0000061-entry-and-1-goals/"
"200","coinlive.me","future","https://coinlive.me/4-top-bullish-cryptos-to-buy-massive-gains-bdag-sol-xrp-and-ada-is-your-portfolio-ready/"
"201","coinlive.me","future","https://coinlive.me/why-blockdag-s-limited-time-entry-could-be-a-game-changer-95x-as-global-market-trading-begins/"
"202","coinlive.me","future","https://coinlive.me/blockdag-unlocks-95x-roi-at-just-0-0000061-while-uniswap-slumps-16-and-polkadot-dips-12/"
"203","coinlineup","future","https://coinlineup.com/blockdag-s-limited-time-0-0000061-entry-delivers-a-95x-roi-pi-network-deals-with-pressure-and-shib-price-stays-flat/"
"204","coinlineup","future","https://coinlineup.com/which-is-the-best-crypto-to-buy-now-blockdag-s-0-0000061-entry-leads-over-bitcoin-cash-avalanche-and-sui/"
"205","coinlineup","future","https://coinlineup.com/blockdag-debuts-on-bifinance-grab-0-0000061-entry-while-xrp-price-prediction-stalls-and-cardano-hits-support/"
"206","coinlineup","future","https://coinlineup.com/blockdag-s-batch-4-offers-0-0000061-entry-as-bnb-and-pepe-slide-why-this-95x-opportunity-beats-the-market/"
"207","coinlineup","future","https://coinlineup.com/blockdag-at-0-0000061-the-strategic-95x-entry-closes-while-pi-network-and-ethereum-face-market-resistance/"
"212","Coincu","future","https://coincu.com/blockdag-debuts-on-bifinance-and-offers-95x-roi-with-0-0000061-xrp-turns-bearish-and-cardano-stabilizes/"
"213","Coincu","future","https://coincu.com/traders-rush-to-grab-blockdag-at-0-0000061-before-it-vanishes-solana-tumbles-26-and-worldcoin-price-faces-a-total-meltdown/"
"214","Bitcoininfonews","future","https://bitcoininfonews.com/secure-95x-instant-roi-with-blockdag-s-limited-time-0-0000061-offer-xrp-eyes-enterprise-growth-and-shib-dips/"
"215","Bitcoininfonews","future","https://bitcoininfonews.com/buyers-rush-to-secure-blockdag-at-0-0000061-while-hyperliquid-battles-35-floor-and-monero-eyes-upside/"
"216","Kanalcoin","future","https://www.kanalcoin.com/blockdag-joins-13-exchanges-grab-limited-time-0-0000061-price-offer-solana-and-hype-deal-with-price-swings/"
"217","Theccpress","future","https://theccpress.com/blockdag-joins-global-exchanges-secure-95x-roi-at-just-0-0000061-more-on-ethereum-prediction-and-bnb-coin-trends/"
